"PO26042400023","SJT","MAT250300056","16","3,130.00"
"PO25033100083","그린트위드코리아","MAT250300053","51","2,050"
"PO25033100083","그린트위드코리아","MAT250300054","1","3,350"
"PO25033100083","그린트위드코리아","MAT250300055","1","1,950"
"PO25033100083","그린트위드코리아","MAT250300056","1","2,050"
"PO25033100083","그린트위드코리아","MAT250300057","1","2,500"
"PO25042100043","그린트위드코리아","MAT250300054","2","3,350"
"PO25042100043","그린트위드코리아","MAT250300055","2","1,950"
"PO25042100043","그린트위드코리아","MAT250300056","2","2,050"
"PO25042100043","그린트위드코리아","MAT250300057","2","2,500"
"PO25103000065","그린트위드코리아","MAT250300056","1","2,050"
"PO25121100042","그린트위드코리아","MAT250300053","165","2,050"
"PO25121100042","그린트위드코리아","MAT250300055","2","1,950"
"PO25121100042","그린트위드코리아","MAT250300056","9","2,050"
"PO25121100042","그린트위드코리아","MAT250300057","3","2,500"
"PO25121100042","그린트위드코리아","MAT251000004","20","3,524"
"PO26032700098","그린트위드코리아","MAT251000004","118","2,995"
"PO26030900101","그린트위드코리아","MAT250300057","3","2,995"
"PO26030900101","그린트위드코리아","MAT250300056","24","2,995"
"PO26030900101","그린트위드코리아","MAT250300055","24","2,995"
"PO26030900101","그린트위드코리아","MAT250300053","198","2,995"
"PO25040700103","DERINGER-NEY INC.","MAT250400008","50","302"
"PO25040700103","DERINGER-NEY INC.","MAT250400009","25","460"
"PO25040700103","DERINGER-NEY INC.","MAT250400010","25","608"
"PO25040700103","DERINGER-NEY INC.","MAT250400011","25","599"
"PO25040700103","DERINGER-NEY INC.","MAT250400012","25","662"
"PO25101300082","DERINGER-NEY INC.","MAT250400009","25","460"
"PO25101300082","DERINGER-NEY INC.","MAT250400011","25","599"
"PO25121100039","DERINGER-NEY INC.","MAT250400009","150","170"
"PO25121100039","DERINGER-NEY INC.","MAT250400011","100","217"
"PO25121100039","DERINGER-NEY INC.","MAT250400008","600","159"
"PO25121100042","그린트위드코리아","MAT251000004","118","3,524"
"PO25121100042","그린트위드코리아","MAT250300054","1","3,350"
"PO25040700103","DERINGER-NEY INC.","MAT250400013","25",""
